{
  "mujoco_version": "3.10.0",
  "quick": false,
  "config": {
    "link_length_m": 0.4,
    "link_width_m": 0.02,
    "link_thickness_m": 0.004,
    "density_kg_m3": 2700.0,
    "young_pa": 69000000000.0,
    "poisson": 0.33,
    "duration_s": 3.0,
    "fault_onset_s": 1.0,
    "control_dt_s": 0.002,
    "structural_ei_remaining": 0.5,
    "structural_section_start": 0.55,
    "structural_section_end": 0.85,
    "actuator_gain_remaining": 0.7,
    "encoder_bias_rad": 0.05,
    "diagnostic_tip_load_peak_n": 0.0,
    "diagnostic_tip_load_frequency_hz": 0.8,
    "gauge_stations": [
      0.25,
      0.75
    ],
    "gauge_resolution_microstrain": 1.0,
    "thermal_cross_sensitivity_microstrain_per_c": 10.0,
    "beam_tip_force_n": 0.2,
    "beam_validation_duration_s": 4.0,
    "max_refinement_relative_error": 0.25,
    "max_beam_strain_relative_error": 0.1,
    "max_beam_tip_relative_error": 0.15
  },
  "simulation_configurations": {
    "points_9_dt_2e-04": {
      "point_count": 9,
      "timestep_s": 0.0002
    },
    "points_9_dt_1e-04": {
      "point_count": 9,
      "timestep_s": 0.0001
    },
    "points_17_dt_1e-04": {
      "point_count": 17,
      "timestep_s": 0.0001
    }
  },
  "max_connect_residual_m": {
    "points_9_dt_2e-04": {
      "healthy": 8.076667243450686e-06,
      "structural": 8.074150450176898e-06,
      "actuator": 8.06618126791836e-06,
      "encoder": 8.076667243450686e-06
    },
    "points_9_dt_1e-04": {
      "healthy": 1.2097471105865232e-05,
      "structural": 1.2097471105865232e-05,
      "actuator": 1.2097471105865232e-05,
      "encoder": 1.2097471105865232e-05
    },
    "points_17_dt_1e-04": {
      "healthy": 1.897262403005584e-05,
      "structural": 1.897262403005584e-05,
      "actuator": 1.897262403005584e-05,
      "encoder": 1.897262403005584e-05
    }
  },
  "fine_configuration": "points_17_dt_1e-04",
  "fine_metrics": {
    "structural": {
      "q_rms": [
        9.454813974624746e-05,
        0.000459604706782384
      ],
      "imu_rms": [
        0.04526420635148371,
        0.0,
        0.5024876953514626,
        0.0,
        0.011461079277161062,
        0.0
      ],
      "gauge_rms": [
        0.034787225995475846,
        0.016595153961187773,
        0.18215253178103652,
        1.921896631909402
      ],
      "gauge_peak": [
        0.23486702183106445,
        0.16726976195258025,
        2.8010992501936727,
        4.662262418304586
      ],
      "feature_vector": [
        0.009454813974624745,
        0.0459604706782384,
        0.4526420635148371,
        0.0,
        5.024876953514626,
        0.0,
        0.11461079277161061,
        0.0,
        0.0034787225995475844,
        0.0016595153961187774,
        0.01821525317810365,
        0.1921896631909402
      ]
    },
    "actuator": {
      "q_rms": [
        0.24612836060266394,
        0.46266328479410285
      ],
      "imu_rms": [
        5.3446969333538235,
        0.0,
        2.5613608640431162,
        0.0,
        1.8955766194448656,
        0.0
      ],
      "gauge_rms": [
        2.829382176682594,
        5.806520678416649,
        4.017850868890644,
        0.6452910334127854
      ],
      "gauge_peak": [
        7.687027197427199,
        11.822850865126355,
        11.165303708340346,
        4.852687450624948
      ],
      "feature_vector": [
        24.612836060266392,
        46.266328479410284,
        53.446969333538235,
        0.0,
        25.61360864043116,
        0.0,
        18.955766194448653,
        0.0,
        0.28293821766825944,
        0.5806520678416649,
        0.4017850868890644,
        0.06452910334127854
      ]
    },
    "encoder": {
      "q_rms": [
        0.04999999999999958,
        0.0
      ],
      "imu_rms": [
        0.0,
        0.0,
        0.0,
        0.0,
        0.0,
        0.0
      ],
      "gauge_rms": [
        0.0,
        0.0,
        0.0,
        0.0
      ],
      "gauge_peak": [
        0.0,
        0.0,
        0.0,
        0.0
      ],
      "feature_vector": [
        4.999999999999958,
        0.0,
        0.0,
        0.0,
        0.0,
        0.0,
        0.0,
        0.0,
        0.0,
        0.0,
        0.0,
        0.0
      ]
    }
  },
  "structural_actuator_gauge_rms_microstrain": [
    2.831229722231981,
    5.807211995654847,
    4.022089342226821,
    2.454924817200431
  ],
  "refinement": {
    "evaluated": true,
    "timestep_relative_error": {
      "structural": 0.0010230221049371815,
      "actuator": 0.0013412771193271327
    },
    "mesh_relative_error": {
      "structural": 0.03681369778718529,
      "actuator": 0.005349645823486664
    },
    "timestep_relative_error_max": 0.0013412771193271327,
    "mesh_relative_error_max": 0.03681369778718529,
    "timestep_pass": true,
    "mesh_pass": true
  },
  "beam_validation": {
    "point_count": 17,
    "timestep_s": 0.0001,
    "tip_force_n": 0.2,
    "measured_gauge_microstrain": [
      15.967909283139784,
      5.384452775349362
    ],
    "expected_gauge_microstrain": [
      16.304347826086957,
      5.434782608695651
    ],
    "gauge_relative_error": [
      0.02063489730075993,
      0.009260689335717246
    ],
    "measured_tip_deflection_m": 0.000516104373040272,
    "expected_tip_deflection_m": 0.0005797101449275363,
    "tip_relative_error": 0.10971995650553087
  },
  "slender_3d_flex_probe": {
    "compiled": true,
    "finite_smoke_step": true,
    "nq": 96,
    "nv": 96,
    "nbody": 33,
    "nflexvert": 36,
    "nflexelem": 48,
    "role": "reserve candidate; full two-link escalation not needed if cable gate passes"
  },
  "candidate_contract": {
    "mechanics": "mujoco_native_cable_rod",
    "point_count_per_link": 17,
    "segment_count_per_link": 16,
    "internal_ball_joints_per_link": 15,
    "deformation_coordinate_semantics": "three-component log-map rotation vector for every internal ball joint; shoulder and elbow rigid-joint coordinates excluded",
    "n_def": 90,
    "gauge_stations": [
      {
        "link": 1,
        "normalized_position": 0.25
      },
      {
        "link": 1,
        "normalized_position": 0.75
      },
      {
        "link": 2,
        "normalized_position": 0.25
      },
      {
        "link": 2,
        "normalized_position": 0.75
      }
    ],
    "simulation_timestep_s": 0.0001,
    "control_timestep_s": 0.002,
    "selection_condition": "not_selected"
  },
  "gate": {
    "credible_floor_microstrain": 10.0,
    "structural_max_gauge_rms_microstrain": 1.921896631909402,
    "actuator_max_gauge_rms_microstrain": 5.806520678416649,
    "structural_actuator_max_gauge_rms_microstrain": 5.807211995654847,
    "encoder_q_rms_rad": 0.04999999999999958,
    "encoder_required_q_rms_rad": 0.04000000000000001,
    "encoder_physical_gauge_rms_microstrain": 0.0,
    "encoder_physical_imu_rms": 0.0,
    "structural_signal": false,
    "actuator_signal": false,
    "structural_actuator_separation": false,
    "encoder_physical_gauge_unchanged": true,
    "encoder_relational": true,
    "beam_strain": true,
    "beam_tip": true,
    "pass": false
  },
  "candidate_decision": "do_not_commit_native_candidate"
}
